track,album,year,duration_sec,time_signature,danceability,energy,key,loudness,mode,speechiness,acousticness,instrumentalness,liveness,valence,tempo,popularity
Come And Buy My Toys,David Bowie,1967,129,4,0.511,0.183,7,-16.877,1,0.0604,0.847,0.00000108,0.103,0.529,105.661,33
When I Live My Dream,David Bowie,1967,204,4,0.487,0.19,5,-14.557,1,0.0294,0.712,0,0.236,0.497,91.284,30
Love You Till Tuesday,David Bowie,1967,194,4,0.542,0.346,0,-15.528,1,0.0338,0.774,0.0000433,0.0651,0.834,148.984,29
Uncle Arthur,David Bowie,1967,131,4,0.689,0.337,4,-15.009,1,0.0783,0.701,0,0.0882,0.916,101.078,27
Rubber Band,David Bowie,1967,139,4,0.726,0.312,2,-16.492,1,0.0725,0.826,0.0000101,0.123,0.461,125.776,27
Sell Me A Coat,David Bowie,1967,182,4,0.569,0.256,7,-15.261,1,0.0462,0.743,0,0.154,0.516,125.484,25
There Is A Happy Land,David Bowie,1967,197,4,0.572,0.338,9,-14.829,0,0.0275,0.719,0.0000018,0.1,0.572,98.887,25
She's Got Medals,David Bowie,1967,146,4,0.575,0.417,9,-11.966,1,0.0575,0.376,0.0000015,0.277,0.513,143.639,25
We Are Hungry Men,David Bowie,1967,180,4,0.4,0.365,2,-14.003,1,0.0639,0.191,0,0.133,0.778,147.764,23
Maid Of Bond Street,David Bowie,1967,105,3,0.588,0.326,7,-12.594,1,0.0582,0.795,0,0.34,0.709,90.028,23
Please Mr. Gravedigger,David Bowie,1967,156,4,0.471,0.523,2,-18.698,1,0.87,0.665,0,0.264,0.321,127.863,23
Join The Gang,David Bowie,1967,141,4,0.526,0.481,2,-13.734,1,0.196,0.647,0,0.0927,0.9,124.049,22
Space Oddity,David Bowie (aka Space Oddity),1969,318,4,0.31,0.403,0,-13.664,1,0.0326,0.0726,0.0000927,0.139,0.466,134.48,71
Letter to Hermione,David Bowie (aka Space Oddity),1969,156,4,0.409,0.264,4,-16.366,0,0.0381,0.846,0.00021,0.108,0.55,81.053,39
God Knows I'm Good,David Bowie (aka Space Oddity),1969,202,4,0.418,0.436,7,-12.942,1,0.0327,0.527,0,0.0896,0.704,169.748,39
Unwashed and Somewhat Slightly Dazed,David Bowie (aka Space Oddity),1969,412,4,0.274,0.755,5,-10.107,1,0.0919,0.00483,0.0000192,0.204,0.574,165.438,34
Cygnet Committee,David Bowie (aka Space Oddity),1969,579,4,0.308,0.537,0,-11.115,1,0.0447,0.124,0,0.0812,0.322,132.942,34
Memory of a Free Festival,David Bowie (aka Space Oddity),1969,430,4,0.292,0.396,7,-11.413,1,0.0469,0.539,0,0.0818,0.353,121.192,33
Janine,David Bowie (aka Space Oddity),1969,205,4,0.541,0.664,7,-11.418,1,0.0521,0.0608,0.00000955,0.0814,0.77,88.883,31
An Occasional Dream,David Bowie (aka Space Oddity),1969,180,4,0.349,0.341,7,-14.701,1,0.0321,0.837,0.00398,0.108,0.224,140.254,31
Wild Eyed Boy from Freecloud,David Bowie (aka Space Oddity),1969,293,4,0.393,0.3,4,-12.535,0,0.033,0.809,0.000768,0.255,0.153,127.762,31
The Man Who Sold the World,The Man Who Sold the World ,1970,241,4,0.474,0.387,2,-14.416,0,0.0305,0.642,0.00557,0.143,0.545,118.486,62
The Width of a Circle,The Man Who Sold the World ,1970,492,4,0.383,0.43,9,-13.691,1,0.0383,0.0119,0.0193,0.213,0.18,133.826,41
All the Madmen,The Man Who Sold the World ,1970,343,4,0.352,0.424,11,-11.84,0,0.0397,0.146,0,0.066,0.181,134.382,36
Black Country Rock,The Man Who Sold the World ,1970,216,4,0.429,0.588,2,-11.621,1,0.0338,0.0456,0.0000148,0.207,0.788,79.007,35
After All,The Man Who Sold the World ,1970,240,3,0.381,0.154,9,-20.427,0,0.0346,0.862,0.0712,0.0788,0.109,124.607,33
Running Gun Blues,The Man Who Sold the World ,1970,195,4,0.436,0.404,7,-11.815,1,0.0308,0.219,0.000208,0.196,0.539,76.479,32
The Supermen,The Man Who Sold the World ,1970,221,4,0.325,0.594,0,-12.992,1,0.0609,0.478,0.00449,0.0663,0.5,174.082,32
Saviour Machine,The Man Who Sold the World ,1970,270,3,0.187,0.58,5,-10.926,1,0.0501,0.37,0.000388,0.0748,0.314,202.196,31
She Shook Me Cold,The Man Who Sold the World ,1970,257,4,0.233,0.531,2,-12.363,1,0.044,0.135,0.00000959,0.107,0.418,139.688,31
Life on Mars?,Hunky Dory ,1971,235,4,0.445,0.384,10,-14.642,1,0.0417,0.635,0.0000774,0.0539,0.216,123.295,69
Changes,Hunky Dory ,1971,217,4,0.559,0.308,0,-11.75,1,0.0376,0.505,0,0.109,0.414,113.633,67
Oh! You Pretty Things,Hunky Dory ,1971,193,4,0.557,0.277,6,-9.92,1,0.035,0.797,0,0.0984,0.248,76.328,56
Queen Bitch,Hunky Dory ,1971,200,4,0.599,0.637,0,-13.083,1,0.0305,0.0248,0,0.0612,0.968,137.171,52
Kooks,Hunky Dory ,1971,173,4,0.606,0.278,9,-17.746,1,0.0378,0.501,0,0.121,0.694,127.163,51
Quicksand,Hunky Dory ,1971,306,4,0.422,0.245,2,-17.091,1,0.0344,0.344,0,0.0737,0.329,117.347,47
Eight Line Poem,Hunky Dory ,1971,175,4,0.542,0.0229,0,-24.515,1,0.0428,0.963,0.00038,0.0881,0.171,116.264,45
Andy Warhol,Hunky Dory ,1971,234,4,0.544,0.449,4,-16.498,0,0.0729,0.168,0,0.637,0.412,84.084,45
The Bewlay Brothers,Hunky Dory ,1971,329,4,0.533,0.102,7,-21.74,1,0.0456,0.38,0,0.0511,0.189,119.79,42
Fill Your Heart,Hunky Dory ,1971,190,4,0.401,0.156,4,-18.92,1,0.0377,0.811,0,0.0844,0.502,156.742,41
Song for Bob Dylan,Hunky Dory ,1971,253,4,0.421,0.459,4,-15.411,1,0.0441,0.167,0,0.0637,0.642,139.299,40
The Jean Genie,Aladdin Sane ,1972,248,4,0.58,0.571,9,-9.116,1,0.0321,0.378,0.00000513,0.358,0.818,128.15,55
Lady Grinning Soul,Aladdin Sane ,1972,235,4,0.373,0.56,4,-8.419,1,0.0394,0.0326,0.000166,0.0795,0.167,93.208,52
Drive-In Saturday,Aladdin Sane ,1972,272,3,0.302,0.56,7,-9.528,1,0.037,0.348,0,0.0674,0.43,201.015,47
The Prettiest Star,Aladdin Sane ,1972,211,4,0.566,0.559,5,-8.165,1,0.0334,0.215,0.00227,0.324,0.606,118.276,47
Cracked Actor,Aladdin Sane ,1972,181,4,0.436,0.878,11,-7.713,0,0.0893,0.000295,0.00000624,0.0807,0.598,126.12,44
Aladdin Sane,Aladdin Sane ,1972,310,4,0.42,0.713,2,-10.286,1,0.0409,0.209,0.000586,0.12,0.555,117.853,43
Panic in Detroit,Aladdin Sane ,1972,268,4,0.426,0.798,11,-9.3,0,0.0399,0.00622,0.00112,0.0981,0.767,93.655,41
Time,Aladdin Sane ,1972,315,4,0.33,0.651,0,-8.731,1,0.0398,0.192,0.00000268,0.105,0.37,145.178,41
Watch That Man,Aladdin Sane ,1972,270,4,0.475,0.934,7,-7.579,1,0.0367,0.0000897,0.00994,0.0587,0.771,129.006,40
Lets Spend the Night Together,Aladdin Sane ,1972,190,4,0.442,0.881,9,-8.917,1,0.0429,0.0152,0.000271,0.0514,0.93,163.875,37
Starman,The Rise and Fall of Ziggy Stardust and the Spiders from Mars ,1972,254,4,0.486,0.449,5,-10.298,1,0.0267,0.166,0.00000223,0.54,0.549,100.456,77
Moonage Daydream,The Rise and Fall of Ziggy Stardust and the Spiders from Mars ,1972,279,4,0.56,0.605,11,-11.209,0,0.0348,0.0408,0.000162,0.0585,0.756,144.478,67
Ziggy Stardust,The Rise and Fall of Ziggy Stardust and the Spiders from Mars ,1972,193,4,0.515,0.554,7,-11.616,1,0.0784,0.0478,0,0.219,0.509,80.146,63
Suffragette City,The Rise and Fall of Ziggy Stardust and the Spiders from Mars ,1972,208,4,0.455,0.883,2,-9.159,1,0.0384,0.368,0,0.277,0.782,142.638,59
Five Years,The Rise and Fall of Ziggy Stardust and the Spiders from Mars ,1972,283,3,0.46,0.326,7,-10.699,1,0.0417,0.142,0.0000101,0.0449,0.321,152.531,57
Rock 'n' Roll Suicide,The Rise and Fall of Ziggy Stardust and the Spiders from Mars ,1972,178,3,0.457,0.308,0,-11.474,1,0.0398,0.309,0.00000164,0.107,0.271,103.11,57
Soul Love,The Rise and Fall of Ziggy Stardust and the Spiders from Mars ,1972,214,4,0.573,0.404,2,-12.142,1,0.0626,0.0579,0.00000152,0.217,0.709,72.906,55
Lady Stardust,The Rise and Fall of Ziggy Stardust and the Spiders from Mars ,1972,201,4,0.593,0.368,9,-12.257,1,0.0337,0.615,0,0.0905,0.484,128.8,55
It Ain't Easy,The Rise and Fall of Ziggy Stardust and the Spiders from Mars ,1972,177,4,0.503,0.279,2,-12.755,1,0.0281,0.0174,0,0.214,0.177,133.558,50
Star,The Rise and Fall of Ziggy Stardust and the Spiders from Mars ,1972,167,4,0.452,0.856,0,-8.721,1,0.0448,0.178,0.0000332,0.185,0.553,138.486,49
Hang on to Yourself,The Rise and Fall of Ziggy Stardust and the Spiders from Mars ,1972,159,4,0.476,0.788,2,-10.654,1,0.0322,0.0241,0.0377,0.358,0.936,89.551,49
Sorrow,Pinups ,1973,173,4,0.661,0.535,0,-12.173,1,0.0677,0.438,0.0000162,0.319,0.687,119.545,51
Friday on My Mind,Pinups ,1973,176,4,0.576,0.672,9,-11.531,1,0.0472,0.0771,0,0.335,0.744,94.441,31
Here Comes the Night,Pinups ,1973,189,4,0.461,0.637,4,-11.38,1,0.041,0.0257,0.0000359,0.419,0.658,98.362,29
See Emily Play,Pinups ,1973,253,4,0.478,0.646,7,-12.919,1,0.0405,0.00285,0.0906,0.197,0.184,120.459,29
Rosalyn,Pinups ,1973,143,4,0.514,0.882,5,-9.891,1,0.0465,0.000671,0.00129,0.252,0.849,116.604,28
I Wish You Would,Pinups ,1973,168,4,0.554,0.691,2,-10.531,1,0.0518,0.000944,0.0105,0.186,0.543,101.207,28
I Can't Explain,Pinups ,1973,135,4,0.566,0.589,5,-10.348,1,0.0324,0.0384,0.00000706,0.265,0.742,107.815,28
Where Have All the Good Times Gone,Pinups ,1973,161,4,0.707,0.708,0,-9.372,1,0.0466,0.124,0.00000569,0.154,0.639,120.349,27
Don't Bring Me Down,Pinups ,1973,126,4,0.622,0.608,2,-10.085,1,0.0525,0.0135,0.0162,0.0544,0.869,100.005,26
Everything's Alright,Pinups ,1973,148,4,0.604,0.767,0,-10.83,1,0.0447,0.234,0.0000373,0.0868,0.815,149.228,25
Shapes of Things,Pinups ,1973,173,4,0.41,0.75,0,-10.854,1,0.0605,0.0394,0.00184,0.0971,0.501,126.346,25
"Anyway, Anyhow, Anywhere",Pinups ,1973,193,4,0.501,0.775,9,-11.367,1,0.0459,0.0552,0.0067,0.359,0.517,138.548,25
Rebel Rebel,Diamond Dogs ,1974,274,4,0.635,0.686,9,-15.648,1,0.053,0.209,0.0176,0.282,0.464,125.988,72
Diamond Dogs,Diamond Dogs ,1974,364,4,0.54,0.723,1,-14.887,0,0.0414,0.13,0.00000652,0.601,0.429,122.027,47
Sweet Thing,Diamond Dogs ,1974,219,4,0.358,0.399,7,-15.799,1,0.0383,0.718,0.000689,0.438,0.287,119.922,38
Rock 'n' Roll with Me,Diamond Dogs ,1974,242,4,0.391,0.474,0,-13.518,1,0.0301,0.405,0,0.0738,0.443,76.22,38
Future Legend,Diamond Dogs ,1974,60,3,0.265,0.378,7,-18.603,1,0.0571,0.687,0,0.657,0.529,121.878,37
1984,Diamond Dogs ,1974,207,4,0.468,0.637,2,-13.742,0,0.112,0.624,0,0.148,0.554,117.203,37
Candidate,Diamond Dogs ,1974,160,4,0.368,0.734,9,-12.621,0,0.0844,0.803,0,0.831,0.526,129.308,35
We Are the Dead,Diamond Dogs ,1974,301,4,0.373,0.279,5,-16.957,1,0.0413,0.76,0.00000151,0.103,0.287,138.547,35
Sweet Thing - Reprise; 2016 Remaster,Diamond Dogs ,1974,152,4,0.295,0.476,0,-15.341,1,0.107,0.643,0.0025,0.751,0.461,122.707,34
Big Brother,Diamond Dogs ,1974,203,4,0.218,0.463,11,-13.108,0,0.0392,0.543,0.0000478,0.61,0.349,180.138,34
Chant of the Ever Circling Skeletal Family,Diamond Dogs ,1974,126,3,0.489,0.553,9,-14.513,1,0.281,0.0435,0.0000632,0.388,0.402,139.345,31
Fame,Young Americans ,1975,261,4,0.786,0.555,10,-10.276,1,0.0471,0.454,0.0173,0.0826,0.673,95.1,61
Young Americans,Young Americans ,1975,313,4,0.614,0.763,4,-8.949,0,0.133,0.171,0,0.119,0.885,84.236,60
Right,Young Americans ,1975,262,4,0.546,0.731,0,-10.051,1,0.17,0.123,0.0000266,0.0651,0.711,174.298,45
Somebody up There Likes Me,Young Americans ,1975,396,4,0.282,0.835,9,-6.896,1,0.203,0.235,0.00000716,0.321,0.461,185.54,41
Fascination,Young Americans ,1975,348,4,0.6,0.849,2,-9.238,1,0.148,0.127,0.00000125,0.078,0.538,108.197,37
Across the Universe,Young Americans ,1975,273,4,0.433,0.727,9,-7.544,1,0.0942,0.156,0.00000144,0.0873,0.544,141.933,37
Can You Hear Me,Young Americans ,1975,308,4,0.46,0.45,5,-9.954,1,0.0355,0.12,0.0000115,0.438,0.227,75.44,37
Win,Young Americans ,1975,287,4,0.38,0.39,0,-11.308,1,0.0319,0.479,0,0.0762,0.22,139.568,36
Golden Years,Station to Station ,1976,243,4,0.68,0.701,6,-10.36,0,0.036,0.316,0.00000472,0.111,0.933,108.287,62
Wild Is the Wind,Station to Station ,1976,366,4,0.522,0.58,9,-12.914,0,0.0324,0.0156,0.00168,0.0543,0.493,98.489,50
Station to Station,Station to Station ,1976,617,4,0.47,0.728,7,-12.031,1,0.0942,0.117,0.000886,0.0426,0.641,121.346,44
Stay,Station to Station ,1976,376,4,0.519,0.902,2,-9.962,1,0.051,0.021,0.000742,0.294,0.624,119.083,40
Word on a Wing,Station to Station ,1976,364,4,0.616,0.607,11,-10.777,1,0.0349,0.34,0.00000109,0.1,0.527,98.187,39
TVC15,Station to Station ,1976,335,4,0.633,0.692,0,-11.002,1,0.0268,0.179,0.00000426,0.139,0.915,112.114,39
Heroes,"""Heroes"" ",1977,371,4,0.489,0.758,7,-6.491,1,0.0297,0.000678,0.49,0.092,0.435,112.113,73
Beauty and the Beast,"""Heroes"" ",1977,216,4,0.551,0.907,4,-6.75,0,0.0616,0.00203,0.108,0.0358,0.752,124.397,39
Sons of the Silent Age,"""Heroes"" ",1977,200,4,0.388,0.646,10,-6.504,1,0.0329,0.0945,0.00112,0.0947,0.157,111.222,36
Joe the Lion,"""Heroes"" ",1977,188,4,0.492,0.945,3,-4.968,0,0.126,0.0233,0.181,0.133,0.66,121.607,35
Blackout,"""Heroes"" ",1977,229,4,0.533,0.911,7,-5.742,1,0.0996,0.00353,0.00336,0.0828,0.782,121.913,35
V-2 Schneider,"""Heroes"" ",1977,191,4,0.452,0.826,0,-7.144,1,0.0465,0.00581,0.963,0.389,0.207,123.182,35
Sense of Doubt,"""Heroes"" ",1977,239,5,0.1,0.315,4,-19.137,0,0.0425,0.579,0.933,0.144,0.0366,88.114,34
Moss Garden,"""Heroes"" ",1977,305,4,0.163,0.195,1,-18.134,1,0.0359,0.386,0.891,0.158,0.18,77.685,34
The Secret Life of Arabia,"""Heroes"" ",1977,226,4,0.553,0.877,2,-7.752,0,0.0474,0.00994,0.00751,0.111,0.912,104.752,34
Neukoln,"""Heroes"" ",1977,274,4,0.163,0.338,10,-14.569,1,0.0429,0.889,0.864,0.197,0.0392,75.753,31
Sound and Vision,Low ,1977,184,4,0.667,0.804,2,-8.583,1,0.0398,0.0328,0.0544,0.0632,0.759,105.799,60
Breaking Glass,Low ,1977,112,4,0.584,0.784,9,-9.928,1,0.0367,0.0278,0.27,0.315,0.795,94.474,44
Speed of Life,Low ,1977,167,4,0.423,0.852,8,-9.269,1,0.0327,0.0065,0.899,0.331,0.667,114.71,42
Always Crashing in the Same Car,Low ,1977,215,4,0.51,0.731,0,-9.142,1,0.0287,0.0204,0.393,0.0799,0.486,105.185,40
Be My Wife,Low ,1977,176,4,0.497,0.843,9,-6.645,0,0.0279,0.0017,0.266,0.196,0.893,112.933,40
Warszawa,Low ,1977,387,3,0.168,0.271,11,-16.105,1,0.0379,0.353,0.808,0.116,0.0388,111.548,38
A New Career in a New Town,Low ,1977,175,4,0.642,0.845,0,-9.415,1,0.0672,0.0579,0.873,0.0747,0.616,125.351,37
What in the World,Low ,1977,144,4,0.562,0.97,0,-5.974,1,0.207,0.027,0.00449,0.0636,0.494,122.916,36
Art Decade,Low ,1977,228,4,0.422,0.24,9,-17.846,1,0.0279,0.869,0.92,0.1,0.0431,78.006,36
Subterraneans,Low ,1977,343,4,0.158,0.159,6,-16.85,0,0.0353,0.644,0.379,0.0942,0.0619,132.035,35
Weeping Wall,Low ,1977,209,3,0.451,0.464,10,-17.121,1,0.0311,0.597,0.782,0.0987,0.599,141.448,33
Boys Keep Swinging,Lodger ,1979,198,4,0.475,0.69,9,-7.693,1,0.0394,0.395,0.179,0.0841,0.908,122.628,38
D.J.,Lodger ,1979,241,4,0.641,0.819,7,-7.949,1,0.0596,0.147,0.00033,0.286,0.875,112.333,35
Fantastic Voyage,Lodger ,1979,175,4,0.382,0.494,9,-9.429,1,0.051,0.768,0,0.135,0.724,206.357,33
Look Back in Anger,Lodger ,1979,188,4,0.393,0.837,9,-8.814,1,0.055,0.0000514,0.0261,0.22,0.513,128.816,33
Yassassin - Turkish For: Long Live,Lodger ,1979,253,4,0.523,0.495,9,-9.499,1,0.0438,0.171,0.00000276,0.382,0.746,171.429,30
African Night Flight,Lodger ,1979,176,4,0.544,0.709,2,-10.642,1,0.137,0.564,0.000264,0.441,0.544,159.715,29
Move On,Lodger ,1979,200,4,0.445,0.593,8,-10.376,0,0.0576,0.476,0.000271,0.381,0.437,150.481,28
Red Sails,Lodger ,1979,225,4,0.453,0.836,9,-9.395,0,0.0569,0.0139,0.0415,0.153,0.587,144.079,28
Repetition,Lodger ,1979,180,4,0.735,0.716,3,-11.404,1,0.0411,0.572,0.715,0.115,0.961,128.471,26
Red Money,Lodger ,1979,259,4,0.54,0.656,7,-8.393,0,0.0401,0.00927,0.0475,0.192,0.498,107.565,26
Ashes to Ashes,Scary Monsters (And Super Creeps),1980,266,4,0.71,0.743,1,-10.553,1,0.0507,0.273,0.000406,0.258,0.866,120.277,63
Fashion,Scary Monsters (And Super Creeps),1980,290,4,0.855,0.723,0,-9.508,1,0.0378,0.549,0.144,0.083,0.962,109.235,49
Scary Monsters (And Super Creeps),Scary Monsters (And Super Creeps),1980,313,4,0.428,0.978,4,-8.725,1,0.0636,0.0244,0.007,0.169,0.301,142.905,45
Teenage Wildlife,Scary Monsters (And Super Creeps),1980,418,4,0.508,0.746,1,-8.255,1,0.0364,0.289,0.151,0.0347,0.639,108.594,37
It's No Game (Pt. 1),Scary Monsters (And Super Creeps),1980,257,4,0.492,0.798,7,-8.638,1,0.0571,0.11,0.0000311,0.489,0.527,101.405,36
Up the Hill Backwards,Scary Monsters (And Super Creeps),1980,195,4,0.385,0.85,2,-9.151,1,0.0602,0.00507,0.0189,0.119,0.949,182.182,36
It's No Game (Pt. 2),Scary Monsters (And Super Creeps),1980,266,4,0.662,0.889,2,-10.472,1,0.0857,0.315,0.0161,0.331,0.547,101.29,32
Scream Like a Baby,Scary Monsters (And Super Creeps),1980,216,4,0.568,0.842,8,-7.935,1,0.0443,0.111,0.0000304,0.0813,0.547,114.335,31
Kingdom Come,Scary Monsters (And Super Creeps),1980,227,4,0.519,0.904,11,-7.764,1,0.0449,0.151,0.00139,0.0967,0.789,121.053,31
Because You're Young,Scary Monsters (And Super Creeps),1980,295,4,0.498,0.912,0,-8.733,1,0.0527,0.0819,0.112,0.0606,0.477,121.279,31
Lets Dance,Lets Dance ,1983,457,4,0.654,0.743,10,-7.44,0,0.0605,0.0125,0.0272,0.153,0.632,114.846,70
Modern Love,Lets Dance ,1983,288,4,0.358,0.938,0,-5.577,1,0.0483,0.00375,0.0000092,0.117,0.944,182.836,69
China Girl,Lets Dance ,1983,333,4,0.651,0.699,4,-7.867,0,0.0277,0.039,0.0659,0.124,0.832,133.793,61
Cat People (Putting Out Fire),Lets Dance ,1983,309,4,0.502,0.867,10,-5.631,1,0.0501,0.063,0.000395,0.0918,0.752,128.295,45
Criminal World,Lets Dance ,1983,265,4,0.551,0.754,6,-7.522,0,0.0309,0.0665,0.125,0.0589,0.962,129.758,40
Without You,Lets Dance ,1983,189,4,0.746,0.653,3,-8.903,1,0.0291,0.115,0.0285,0.288,0.886,119.16,38
Ricochet,Lets Dance ,1983,313,3,0.664,0.854,7,-7.349,1,0.0376,0.141,0,0.0717,0.738,101.873,36
Shake It,Lets Dance ,1983,232,4,0.75,0.712,0,-6.604,1,0.0574,0.2,0.000106,0.0513,0.887,115.403,36
Blue Jean,Tonight ,1984,191,4,0.559,0.849,2,-6.39,1,0.0308,0.0401,0.33,0.131,0.822,124.608,49
Loving The Alien,Tonight ,1984,432,4,0.604,0.779,0,-7.549,1,0.0262,0.0151,0.0026,0.141,0.762,118.24,39
Tonight,Tonight ,1984,225,4,0.772,0.45,9,-8.369,1,0.0265,0.0791,0.00635,0.0699,0.793,98.472,38
God Only Knows,Tonight ,1984,189,4,0.563,0.64,0,-7.246,1,0.0295,0.22,0.000441,0.0881,0.6,87.047,29
Don't Look Down,Tonight ,1984,251,4,0.706,0.39,7,-8.06,1,0.0414,0.0803,0,0.3,0.755,142.756,27
Neighborhood Threat,Tonight ,1984,192,4,0.494,0.97,4,-5.558,0,0.213,0.147,0.0000365,0.39,0.661,159.79,25
I Keep Forgettin',Tonight ,1984,155,4,0.792,0.703,11,-7.87,0,0.0306,0.0815,0.00164,0.0355,0.886,104.768,24
Tumble and Twirl,Tonight ,1984,298,4,0.582,0.937,4,-8.282,0,0.058,0.0134,0.0269,0.0183,0.766,140.009,23
Dancing with the Big Boys,Tonight ,1984,214,4,0.639,0.949,7,-6.936,1,0.0723,0.0707,0.0452,0.315,0.748,142.795,21
Time Will Crawl,Never Let Me Down ,1987,260,4,0.686,0.954,11,-4.836,0,0.0407,0.0345,0.0000221,0.329,0.849,125.044,37
Never Let Me Down,Never Let Me Down ,1987,245,4,0.692,0.894,9,-6.598,0,0.0313,0.262,0.00229,0.154,0.854,110.249,25
Day-In Day-Out,Never Let Me Down ,1987,339,4,0.674,0.917,0,-5.593,1,0.0427,0.0227,0.0000491,0.104,0.744,120.161,24
Zeroes,Never Let Me Down ,1987,346,4,0.551,0.953,6,-6.92,1,0.0545,0.00322,0.0000773,0.414,0.286,128.298,20
Shining Star (Makin' My Love),Never Let Me Down ,1987,306,4,0.681,0.879,0,-7.278,1,0.0261,0.0759,0.0023,0.073,0.852,95.316,20
Beat of Your Drum,Never Let Me Down ,1987,306,4,0.627,0.952,9,-6.473,1,0.034,0.0515,0.0000084,0.0868,0.72,120.299,19
Glass Spider,Never Let Me Down ,1987,334,4,0.503,0.869,9,-7.634,0,0.063,0.0477,0.0112,0.0658,0.448,142.303,19
Bang Bang,Never Let Me Down ,1987,270,4,0.564,0.918,4,-6.982,0,0.0387,0.0583,0.129,0.071,0.626,146.72,18
New York's in Love,Never Let Me Down ,1987,274,4,0.609,0.925,9,-7.182,1,0.0541,0.0138,0.000291,0.0763,0.667,132.353,17
87 and Cry,Never Let Me Down ,1987,261,4,0.566,0.969,0,-6.158,1,0.0489,0.00694,0.000407,0.128,0.503,144.384,17
Jump They Say,Black Tie White Noise,1993,265,4,0.541,0.913,10,-7.366,1,0.0523,0.00062,0.000142,0.0244,0.624,125.992,29
Black Tie White Noise,Black Tie White Noise,1993,294,4,0.555,0.936,1,-7.029,1,0.151,0.0186,0,0.138,0.577,161.966,24
Nite Flights,Black Tie White Noise,1993,276,4,0.612,0.879,5,-7.196,1,0.0374,0.000363,0.00347,0.0808,0.624,110.098,23
Miracle Goodnight,Black Tie White Noise,1993,255,4,0.615,0.561,7,-11.541,1,0.0383,0.0059,0.000195,0.255,0.656,101.652,23
The Wedding,Black Tie White Noise,1993,304,4,0.447,0.819,9,-8.193,1,0.0683,0.00205,0.903,0.051,0.432,176.212,22
The Wedding Song,Black Tie White Noise,1993,270,4,0.527,0.774,9,-7.49,1,0.0553,0.0226,0.0171,0.163,0.532,87.955,22
You've Been Around,Black Tie White Noise,1993,284,4,0.672,0.827,11,-8.43,0,0.0845,0.0032,0.0000601,0.0782,0.554,126.048,21
I Feel Free,Black Tie White Noise,1993,289,4,0.592,0.944,9,-6.133,1,0.0486,0.00745,0.582,0.482,0.35,118.004,21
Don't Let Me Down and Down,Black Tie White Noise,1993,294,4,0.601,0.765,8,-8.473,1,0.0457,0.315,0.00289,0.264,0.675,134.023,21
I Know It's Gonna Happen Someday,Black Tie White Noise,1993,245,4,0.521,0.592,0,-7.315,1,0.0299,0.0645,0.00012,0.0498,0.351,114.16,21
Pallas Athena,Black Tie White Noise,1993,279,4,0.544,0.744,5,-7.567,1,0.042,0.0000255,0.153,0.0767,0.268,115.323,20
Looking for Lester,Black Tie White Noise,1993,337,4,0.617,0.891,11,-6.84,0,0.0422,0.00059,0.722,0.299,0.683,108.168,18
Buddha of Suburbia,Buddha of Suburbia,1993,264,4,0.477,0.739,2,-7.807,1,0.0311,0.0138,0.00000811,0.245,0.708,154.31,26
Sex and the Church,Buddha of Suburbia,1993,387,4,0.717,0.85,2,-10.733,1,0.0476,0.00773,0.525,0.0974,0.504,127.943,19
The Mysteries,Buddha of Suburbia,1993,431,4,0.11,0.11,5,-22.763,1,0.0347,0.647,0.928,0.11,0.0395,87.766,19
Strangers When We Meet,Buddha of Suburbia,1993,298,4,0.523,0.905,9,-9.808,1,0.0408,0.043,0.00355,0.214,0.744,121.99,19
Untitled No. 1,Buddha of Suburbia,1993,302,4,0.586,0.887,5,-8.584,1,0.0343,0.0349,0.221,0.0902,0.966,99.008,18
South Horizon,Buddha of Suburbia,1993,323,4,0.622,0.477,0,-16.129,1,0.0441,0.00999,0.289,0.053,0.56,109.979,17
Dead Against It,Buddha of Suburbia,1993,348,4,0.313,0.953,9,-8.806,1,0.0397,0.0000846,0.934,0.069,0.617,74.999,17
Buddha of Suburbia (feat. Lenny Kravitz),Buddha of Suburbia,1993,261,4,0.442,0.821,9,-7.509,1,0.0305,0.0434,0.0000106,0.113,0.671,154.216,17
"Bleed Like a Craze, Dad",Buddha of Suburbia,1993,323,4,0.567,0.883,2,-9.325,1,0.0374,0.0193,0.0916,0.257,0.547,99.741,16
Ian Fish UK Heir,Buddha of Suburbia,1993,389,3,0.136,0.0426,9,-30.644,1,0.0348,0.879,0.975,0.0871,0.0751,99.861,16
Strangers When We Meet,1. Outside (The Nathan Adler Diaries: A Hyper Cycle),1995,307,4,0.583,0.76,9,-7.538,1,0.0317,0.0313,0.000179,0.192,0.506,122.007,15
The Hearts Filthy Lesson,1. Outside (The Nathan Adler Diaries: A Hyper Cycle),1995,297,4,0.565,0.798,11,-8.295,0,0.087,0.00146,0.0201,0.33,0.433,88.954,14
Hallo Spaceboy,1. Outside (The Nathan Adler Diaries: A Hyper Cycle),1995,314,4,0.486,0.944,11,-7.721,0,0.0522,0.000328,0.191,0.336,0.386,149.884,13
Outside,1. Outside (The Nathan Adler Diaries: A Hyper Cycle),1995,244,4,0.611,0.782,0,-8.551,1,0.0238,0.00364,0.000909,0.308,0.402,102.002,12
I'm Deranged,1. Outside (The Nathan Adler Diaries: A Hyper Cycle),1995,271,4,0.557,0.883,5,-9.326,0,0.042,0.0107,0.0047,0.0913,0.638,139.962,12
I Have Not Been to Oxford Town,1. Outside (The Nathan Adler Diaries: A Hyper Cycle),1995,229,4,0.737,0.692,2,-8.302,1,0.0404,0.101,0.00000164,0.0503,0.583,97.002,10
No Control,1. Outside (The Nathan Adler Diaries: A Hyper Cycle),1995,273,4,0.562,0.713,9,-9.008,0,0.0455,0.112,0.0149,0.144,0.49,199.926,10
Leon Take Us Outside,1. Outside (The Nathan Adler Diaries: A Hyper Cycle),1995,85,5,0.217,0.302,11,-21.69,1,0.0409,0.462,0.968,0.646,0.151,107.472,9
A Small Plot of Land,1. Outside (The Nathan Adler Diaries: A Hyper Cycle),1995,394,4,0.482,0.806,8,-9.765,0,0.0421,0.0345,0.0217,0.165,0.226,113.29,9
The Motel,1. Outside (The Nathan Adler Diaries: A Hyper Cycle),1995,410,4,0.257,0.457,10,-11.702,0,0.0465,0.103,0.000788,0.0381,0.0787,77.672,9
We Prick You,1. Outside (The Nathan Adler Diaries: A Hyper Cycle),1995,275,4,0.584,0.918,9,-9.446,1,0.0411,0.0161,0.0968,0.0852,0.741,159.932,9
Thru' These Architects Eyes,1. Outside (The Nathan Adler Diaries: A Hyper Cycle),1995,262,4,0.581,0.82,2,-6.249,1,0.0469,0.0216,0.0000202,0.268,0.651,87.973,9
The Voyeur of Utter Destruction (As Beauty),1. Outside (The Nathan Adler Diaries: A Hyper Cycle),1995,261,4,0.505,0.89,7,-7.968,1,0.0662,0.132,0.00861,0.0894,0.308,134.462,8
Wishful Beginnings,1. Outside (The Nathan Adler Diaries: A Hyper Cycle),1995,308,4,0.688,0.311,11,-13.837,1,0.0348,0.00125,0.00273,0.088,0.238,115.102,8
Segue - Baby Grace (A Horrid Cassette),1. Outside (The Nathan Adler Diaries: A Hyper Cycle),1995,99,4,0.303,0.321,7,-17.292,0,0.0574,0.388,0.00201,0.136,0.261,94.475,7
Segue - Algeria Touchshriek,1. Outside (The Nathan Adler Diaries: A Hyper Cycle),1995,123,4,0.449,0.272,8,-18.424,1,0.0569,0.549,0.000358,0.0851,0.428,138.412,6
Segue - Ramona A. Stone / I Am with Name,1. Outside (The Nathan Adler Diaries: A Hyper Cycle),1995,241,4,0.617,0.929,0,-8.44,1,0.0583,0.0108,0.0000611,0.0975,0.409,130.646,6
Segue - Nathan Adler - Version #1,1. Outside (The Nathan Adler Diaries: A Hyper Cycle),1995,60,4,0.704,0.289,1,-20.069,1,0.292,0.0567,0.0000221,0.134,0.736,125.638,5
Segue - Nathan Adler - Version #2,1. Outside (The Nathan Adler Diaries: A Hyper Cycle),1995,28,4,0.736,0.537,7,-18.189,1,0.0819,0.0184,0.802,0.0616,0.964,150.066,0
I'm Afraid of Americans,Earthling,1997,300,4,0.62,0.755,10,-7.896,1,0.0762,0.00184,0.244,0.225,0.75,160.027,23
Little Wonder,Earthling,1997,362,4,0.544,0.936,1,-6.446,0,0.126,0.00146,0.0108,0.481,0.329,151.942,19
Seven Years in Tibet,Earthling,1997,381,4,0.511,0.675,10,-6.026,1,0.0296,0.0011,0.272,0.107,0.499,167.028,18
Dead Man Walking,Earthling,1997,446,4,0.468,0.925,10,-4.668,1,0.0473,0.0000522,0.24,0.224,0.369,140.024,18
Looking for Satellites,Earthling,1997,320,3,0.384,0.822,7,-5.996,1,0.031,0.0000966,0.565,0.175,0.221,172.01,16
Battle for Britain (The Letter),Earthling,1997,289,4,0.517,0.889,7,-7.762,1,0.163,0.0013,0.00172,0.127,0.387,166.062,14
Telling Lies,Earthling,1997,290,4,0.504,0.737,7,-7.761,1,0.0502,0.000664,0.203,0.043,0.384,159.985,13
Law (Earthlings on Fire),Earthling,1997,288,4,0.611,0.78,7,-7.619,1,0.0379,0.0000718,0.0856,0.144,0.516,140.003,13
The Last Thing You Should Do,Earthling,1997,297,4,0.482,0.998,9,-4.631,0,0.135,0.000651,0.685,0.0431,0.373,150.019,12
Thursday's Child,Hours...,1999,322,4,0.413,0.635,11,-6.601,1,0.0287,0.0606,0.0031,0.169,0.654,170.924,15
Seven,Hours...,1999,244,4,0.658,0.474,0,-7.997,1,0.0268,0.164,0.000149,0.135,0.33,108.486,13
Something in the Air,Hours...,1999,346,4,0.57,0.626,7,-5.673,0,0.0245,0.0226,0.000262,0.373,0.36,81.501,12
The Pretty Things Are Going to Hell,Hours...,1999,281,4,0.585,0.852,1,-5.673,1,0.142,0.00306,0.00528,0.327,0.364,127.528,12
Survive,Hours...,1999,251,4,0.507,0.655,7,-6.31,1,0.0254,0.0516,0.0105,0.135,0.373,82.033,10
If I'm Dreaming My Life,Hours...,1999,424,4,0.323,0.593,7,-7.584,0,0.0301,0.0477,0.0134,0.0775,0.312,154.991,10
What's Really Happening?,Hours...,1999,250,4,0.496,0.732,7,-6.815,1,0.0297,0.00157,0.379,0.487,0.274,107,9
New Angels of Promise,Hours...,1999,277,4,0.577,0.747,2,-7.66,1,0.0318,0.00298,0.116,0.0759,0.35,107.079,9
The Dreamers,Hours...,1999,313,4,0.533,0.621,10,-8.269,0,0.0429,0.078,0.00309,0.0885,0.504,167.986,9
Brilliant Adventure,Hours...,1999,111,4,0.341,0.183,7,-14.289,1,0.0381,0.905,0.976,0.126,0.0392,129.293,7
Slow Burn,Heathen,2002,280,4,0.584,0.883,5,-3.572,1,0.0293,0.15,0.00562,0.135,0.67,107.283,34
Everyone Says 'Hi',Heathen,2002,237,4,0.631,0.804,0,-6.001,1,0.0241,0.0421,0.0000015,0.249,0.476,98.015,33
Cactus,Heathen,2002,174,4,0.658,0.727,5,-6.4,1,0.0298,0.000408,0.00254,0.0854,0.133,113.979,32
Slip Away,Heathen,2002,364,4,0.48,0.547,0,-6.447,1,0.0311,0.39,0.00000198,0.213,0.0677,110.002,31
Sunday,Heathen,2002,284,4,0.488,0.574,1,-9.889,1,0.0349,0.251,0.00185,0.0809,0.104,100.355,30
Afraid,Heathen,2002,207,4,0.476,0.857,7,-4.005,0,0.0402,0.0587,0.00000146,0.123,0.332,143.015,29
5:15 The Angels Have Gone,Heathen,2002,301,4,0.624,0.72,7,-6.69,1,0.0293,0.0476,0.0121,0.262,0.358,90.87,28
I've Been Waiting For You,Heathen,2002,179,4,0.57,0.911,9,-3.345,0,0.0378,0.00256,0.0249,0.297,0.373,104.006,27
I Would Be Your Slave,Heathen,2002,313,4,0.471,0.717,1,-8.021,1,0.0323,0.0168,0.000997,0.227,0.705,162.635,27
Heathen (The Rays),Heathen,2002,256,4,0.504,0.675,8,-9.901,1,0.0347,0.00841,0.159,0.302,0.0419,120.017,26
I Took A Trip On A Gemini Spaceship,Heathen,2002,246,4,0.61,0.977,7,-4.874,1,0.0862,0.00155,0.271,0.257,0.519,136.282,25
A Better Future,Heathen,2002,250,4,0.483,0.914,8,-5.314,1,0.0546,0.00226,0.248,0.32,0.746,168.585,25
Sunday - Moby Remix,Heathen,2002,309,4,0.483,0.782,1,-7.304,1,0.0428,0.11,0.257,0.171,0.207,100.205,22
A Better Future - Remix by Air,Heathen,2002,296,4,0.39,0.562,1,-10.448,1,0.044,0.827,0.0488,0.0653,0.243,168.74,22
Rebel Rebel,Reality,2003,190,4,0.861,0.483,9,-5.416,1,0.0732,0.296,0.00000202,0.0715,0.861,125.94,39
New Killer Star,Reality,2003,280,4,0.682,0.938,9,-3.999,0,0.0311,0.369,0.00000442,0.147,0.922,119.843,34
Bring Me The Disco King,Reality,2003,465,4,0.676,0.412,5,-12.171,0,0.0396,0.554,0.00081,0.0667,0.437,73.139,30
Never Get Old,Reality,2003,264,4,0.637,0.855,0,-4.056,1,0.0354,0.129,0.000737,0.105,0.406,99.842,29
Days,Reality,2003,198,4,0.631,0.676,10,-6.439,1,0.0241,0.345,0.0000692,0.19,0.44,74.86,29
Pablo Picasso,Reality,2003,244,4,0.478,0.864,8,-3.134,1,0.0338,0.034,0.00288,0.118,0.518,139.859,28
Fall Dog Bombs The Moon,Reality,2003,242,4,0.58,0.819,4,-5.308,0,0.0319,0.00014,0.029,0.281,0.32,120.854,25
The Loneliest Guy,Reality,2003,251,3,0.281,0.228,11,-15.754,1,0.0311,0.287,0.13,0.0986,0.0597,114.759,24
Looking For Water,Reality,2003,208,4,0.701,0.835,6,-4.954,0,0.0479,0.0585,0.0000123,0.178,0.813,134.359,24
She'll Drive The Big Car,Reality,2003,274,4,0.691,0.758,4,-4.205,0,0.0359,0.0329,0.00000772,0.131,0.587,119.874,23
"Try Some, Buy Some",Reality,2003,264,3,0.5,0.543,5,-5.464,1,0.0292,0.136,0.00328,0.188,0.191,119.734,23
Reality,Reality,2003,261,4,0.445,0.984,9,-2.477,1,0.0798,0.000267,0.000404,0.375,0.46,149.71,22
Fly,Reality,2003,250,4,0.456,0.974,1,-3.32,1,0.0776,0.0742,0.00391,0.125,0.469,149.701,20
Queen Of All The Tarts (Overture),Reality,2003,173,4,0.429,0.876,10,-5.561,0,0.0375,0.00674,0.0405,0.363,0.488,143.728,18
Valentine's Day,The Next Day,2013,182,4,0.565,0.753,2,-5.205,1,0.0309,0.00212,0,0.0787,0.512,95.98,40
Where Are We Now?,The Next Day,2013,249,4,0.557,0.456,0,-8.623,1,0.0228,0.0419,0.0235,0.125,0.414,80.05,39
The Stars (Are Out Tonight),The Next Day,2013,237,4,0.518,0.842,6,-4.798,0,0.0348,0.00555,0,0.128,0.697,136.027,36
The Next Day,The Next Day,2013,206,4,0.663,0.967,9,-3.858,1,0.0386,0.00101,0,0.375,0.84,122.002,33
Love Is Lost,The Next Day,2013,237,4,0.643,0.588,10,-7.069,0,0.0264,0.0112,0.00495,0.156,0.562,101.971,30
Dirty Boys,The Next Day,2013,178,4,0.743,0.418,4,-7.146,0,0.0342,0.0448,0.00102,0.115,0.621,94.064,28
I'd Rather Be High,The Next Day,2013,224,4,0.52,0.821,2,-5.567,1,0.031,0.000127,0.00285,0.229,0.688,94.983,28
You Feel So Lonely You Could Die,The Next Day,2013,277,3,0.362,0.632,3,-6.754,1,0.0292,0.0402,0,0.254,0.374,80.1,27
Boss Of Me,The Next Day,2013,249,4,0.669,0.715,10,-6.22,1,0.0304,0.148,0.000022,0.143,0.537,103.014,26
Dancing Out In Space,The Next Day,2013,201,4,0.456,0.644,0,-6.358,1,0.0273,0.00811,0.00122,0.376,0.88,172.116,26
How Does The Grass Grow?,The Next Day,2013,274,4,0.629,0.872,10,-5.989,0,0.0445,0.00448,0.000757,0.229,0.43,120.054,26
(You Will) Set The World On Fire,The Next Day,2013,212,4,0.615,0.841,4,-3.934,0,0.034,0.00369,0,0.214,0.771,133.928,26
If You Can See Me,The Next Day,2013,192,4,0.335,0.844,1,-5.983,1,0.118,0.00719,0.00053,0.263,0.0855,72.378,25
Heat,The Next Day,2013,265,4,0.367,0.466,11,-9.19,1,0.0276,0.386,0.0487,0.0757,0.116,104.169,23
Lazarus,Blackstar,2016,384,4,0.667,0.691,9,-6.883,0,0.0284,0.0474,0.119,0.087,0.479,129.952,53
â˜…,Blackstar,2016,597,4,0.364,0.525,6,-9.203,1,0.0321,0.208,0.0605,0.183,0.122,98.042,46
Tis A Pity She Was A Whore,Blackstar,2016,292,4,0.505,0.955,5,-4.539,1,0.125,0.00428,0.058,0.094,0.447,131.998,41
I Can't Give Everything Away,Blackstar,2016,347,4,0.496,0.931,5,-7.005,1,0.0657,0.11,0.049,0.33,0.417,119.989,41
Girl Loves Me,Blackstar,2016,291,4,0.696,0.579,10,-7.625,0,0.0505,0.292,0.000182,0.292,0.351,137.01,40
Dollar Days,Blackstar,2016,284,4,0.481,0.725,11,-7.116,0,0.049,0.0341,0.0000528,0.0967,0.172,119.876,39
Sue (Or In A Season Of Crime),Blackstar,2016,280,4,0.371,0.868,11,-5.695,0,0.0979,0.0245,0.0183,0.58,0.376,170.206,38
